<?xml version="1.0" ?>
<manifest identifier="com.to-scorm.pdf.I{{timestamp}}" version="1"
       xmlns="http://www.imsproject.org/xsd/imscp_rootv1p1p2"
       xmlns:adlcp="http://www.adlnet.org/xsd/adlcp_rootv1p2"
       xmlns:xsi="http://www.w3.org/2001/XMLSchema-instance"
       xsi:schemaLocation="http://www.imsproject.org/xsd/imscp_rootv1p1p2 imscp_rootv1p1p2.xsd
                           http://www.imsglobal.org/xsd/imsmd_rootv1p2p1 imsmd_rootv1p2p1.xsd
                           http://www.adlnet.org/xsd/adlcp_rootv1p2 adlcp_rootv1p2.xsd">
  <metadata>
    <schema>ADL SCORM</schema>
    <schemaversion>1.2</schemaversion>
  </metadata>
  <organizations default="O{{timestamp}}">
    <organization identifier="O{{timestamp}}">
      <title>{{pdfname}}</title>
      <item identifier="I{{timestamp}}" identifierref="R{{timestamp}}" isvisible="true">
        <title>{{pdfname}}</title>
      </item>
    </organization>
  </organizations>
  <resources>
    <resource identifier="R{{timestamp}}" type="webcontent" adlcp:scormtype="sco" href="web/viewer.html?file=../{{pdfname}}">
      <file href="index.html" />
      <file href="locale/sl/viewer.properties" />
      <file href="locale/szl/viewer.properties" />
      <file href="locale/sk/viewer.properties" />
      <file href="locale/ur/viewer.properties" />
      <file href="locale/fy-NL/viewer.properties" />
      <file href="locale/kab/viewer.properties" />
      <file href="locale/uz/viewer.properties" />
      <file href="locale/pl/viewer.properties" />
      <file href="locale/vi/viewer.properties" />
      <file href="locale/sq/viewer.properties" />
      <file href="locale/he/viewer.properties" />
      <file href="locale/ms/viewer.properties" />
      <file href="locale/km/viewer.properties" />
      <file href="locale/nn-NO/viewer.properties" />
      <file href="locale/be/viewer.properties" />
      <file href="locale/es-ES/viewer.properties" />
      <file href="locale/da/viewer.properties" />
      <file href="locale/gn/viewer.properties" />
      <file href="locale/mr/viewer.properties" />
      <file href="locale/kk/viewer.properties" />
      <file href="locale/trs/viewer.properties" />
      <file href="locale/es-CL/viewer.properties" />
      <file href="locale/ja/viewer.properties" />
      <file href="locale/el/viewer.properties" />
      <file href="locale/lv/viewer.properties" />
      <file href="locale/es-AR/viewer.properties" />
      <file href="locale/oc/viewer.properties" />
      <file href="locale/it/viewer.properties" />
      <file href="locale/ca/viewer.properties" />
      <file href="locale/is/viewer.properties" />
      <file href="locale/cs/viewer.properties" />
      <file href="locale/es-MX/viewer.properties" />
      <file href="locale/scn/viewer.properties" />
      <file href="locale/ia/viewer.properties" />
      <file href="locale/te/viewer.properties" />
      <file href="locale/ga-IE/viewer.properties" />
      <file href="locale/ach/viewer.properties" />
      <file href="locale/ru/viewer.properties" />
      <file href="locale/tl/viewer.properties" />
      <file href="locale/en-GB/viewer.properties" />
      <file href="locale/meh/viewer.properties" />
      <file href="locale/hye/viewer.properties" />
      <file href="locale/hy-AM/viewer.properties" />
      <file href="locale/gu-IN/viewer.properties" />
      <file href="locale/xh/viewer.properties" />
      <file href="locale/ro/viewer.properties" />
      <file href="locale/hsb/viewer.properties" />
      <file href="locale/cak/viewer.properties" />
      <file href="locale/zh-CN/viewer.properties" />
      <file href="locale/hi-IN/viewer.properties" />
      <file href="locale/ckb/viewer.properties" />
      <file href="locale/uk/viewer.properties" />
      <file href="locale/sr/viewer.properties" />
      <file href="locale/brx/viewer.properties" />
      <file href="locale/en-CA/viewer.properties" />
      <file href="locale/ltg/viewer.properties" />
      <file href="locale/pt-PT/viewer.properties" />
      <file href="locale/si/viewer.properties" />
      <file href="locale/bo/viewer.properties" />
      <file href="locale/mk/viewer.properties" />
      <file href="locale/an/viewer.properties" />
      <file href="locale/lij/viewer.properties" />
      <file href="locale/kn/viewer.properties" />
      <file href="locale/bs/viewer.properties" />
      <file href="locale/zh-TW/viewer.properties" />
      <file href="locale/my/viewer.properties" />
      <file href="locale/ar/viewer.properties" />
      <file href="locale/nb-NO/viewer.properties" />
      <file href="locale/gl/viewer.properties" />
      <file href="locale/hr/viewer.properties" />
      <file href="locale/pt-BR/viewer.properties" />
      <file href="locale/hu/viewer.properties" />
      <file href="locale/nl/viewer.properties" />
      <file href="locale/bg/viewer.properties" />
      <file href="locale/bn/viewer.properties" />
      <file href="locale/ast/viewer.properties" />
      <file href="locale/af/viewer.properties" />
      <file href="locale/ka/viewer.properties" />
      <file href="locale/locale.properties" />
      <file href="locale/de/viewer.properties" />
      <file href="locale/az/viewer.properties" />
      <file href="locale/gd/viewer.properties" />
      <file href="locale/br/viewer.properties" />
      <file href="locale/ko/viewer.properties" />
      <file href="locale/fi/viewer.properties" />
      <file href="locale/son/viewer.properties" />
      <file href="locale/eo/viewer.properties" />
      <file href="locale/id/viewer.properties" />
      <file href="locale/fr/viewer.properties" />
      <file href="locale/sv-SE/viewer.properties" />
      <file href="locale/et/viewer.properties" />
      <file href="locale/fa/viewer.properties" />
      <file href="locale/lt/viewer.properties" />
      <file href="locale/ff/viewer.properties" />
      <file href="locale/cy/viewer.properties" />
      <file href="locale/en-US/viewer.properties" />
      <file href="locale/eu/viewer.properties" />
      <file href="locale/lo/viewer.properties" />
      <file href="locale/ne-NP/viewer.properties" />
      <file href="locale/rm/viewer.properties" />
      <file href="locale/dsb/viewer.properties" />
      <file href="locale/ta/viewer.properties" />
      <file href="locale/th/viewer.properties" />
      <file href="locale/tr/viewer.properties" />
      <file href="locale/wo/viewer.properties" />
      <file href="locale/pa-IN/viewer.properties" />
      <file href="LICENSE" />
      <file href="scorm.js" />
      <file href="images/treeitem-expanded.svg" />
      <file href="images/secondaryToolbarButton-spreadOdd.svg" />
      <file href="images/grab.cur" />
      <file href="images/toolbarButton-download.svg" />
      <file href="images/toolbarButton-currentOutlineItem.svg" />
      <file href="images/annotation-check.svg" />
      <file href="images/toolbarButton-pageUp.svg" />
      <file href="images/annotation-note.svg" />
      <file href="images/secondaryToolbarButton-selectTool.svg" />
      <file href="images/secondaryToolbarButton-scrollWrapped.svg" />
      <file href="images/loading-icon.gif" />
      <file href="images/toolbarButton-viewThumbnail.svg" />
      <file href="images/toolbarButton-viewLayers.svg" />
      <file href="images/toolbarButton-zoomIn.svg" />
      <file href="images/annotation-noicon.svg" />
      <file href="images/toolbarButton-menuArrow.svg" />
      <file href="images/secondaryToolbarButton-scrollHorizontal.svg" />
      <file href="images/grabbing.cur" />
      <file href="images/toolbarButton-presentationMode.svg" />
      <file href="images/annotation-insert.svg" />
      <file href="images/toolbarButton-pageDown.svg" />
      <file href="images/treeitem-collapsed.svg" />
      <file href="images/annotation-paragraph.svg" />
      <file href="images/annotation-key.svg" />
      <file href="images/toolbarButton-viewOutline.svg" />
      <file href="images/secondaryToolbarButton-scrollVertical.svg" />
      <file href="images/annotation-comment.svg" />
      <file href="images/secondaryToolbarButton-lastPage.svg" />
      <file href="images/loading.svg" />
      <file href="images/annotation-newparagraph.svg" />
      <file href="images/secondaryToolbarButton-firstPage.svg" />
      <file href="images/annotation-help.svg" />
      <file href="images/toolbarButton-secondaryToolbarToggle.svg" />
      <file href="images/findbarButton-previous.svg" />
      <file href="images/toolbarButton-bookmark.svg" />
      <file href="images/secondaryToolbarButton-handTool.svg" />
      <file href="images/toolbarButton-print.svg" />
      <file href="images/secondaryToolbarButton-spreadEven.svg" />
      <file href="images/toolbarButton-openFile.svg" />
      <file href="images/toolbarButton-zoomOut.svg" />
      <file href="images/secondaryToolbarButton-rotateCw.svg" />
      <file href="images/secondaryToolbarButton-spreadNone.svg" />
      <file href="images/findbarButton-next.svg" />
      <file href="images/toolbarButton-viewAttachments.svg" />
      <file href="images/shadow.png" />
      <file href="images/toolbarButton-search.svg" />
      <file href="images/secondaryToolbarButton-rotateCcw.svg" />
      <file href="images/secondaryToolbarButton-documentProperties.svg" />
      <file href="images/loading-dark.svg" />
      <file href="images/toolbarButton-sidebarToggle.svg" />
      <file href="adlcp_rootv1p2.xsd" />
      <file href="imsmd_rootv1p2p1.xsd" />
      <file href="viewer.js.map" />
      <file href="viewer.js" />
      <file href="imscp_rootv1p1p2.xsd" />
      <file href="cmaps/78-EUC-V.bcmap" />
      <file href="cmaps/GBKp-EUC-H.bcmap" />
      <file href="cmaps/Katakana.bcmap" />
      <file href="cmaps/KSCpc-EUC-H.bcmap" />
      <file href="cmaps/Adobe-CNS1-UCS2.bcmap" />
      <file href="cmaps/Adobe-CNS1-5.bcmap" />
      <file href="cmaps/Adobe-Japan1-6.bcmap" />
      <file href="cmaps/Adobe-Japan1-4.bcmap" />
      <file href="cmaps/Adobe-Japan1-UCS2.bcmap" />
      <file href="cmaps/HKscs-B5-H.bcmap" />
      <file href="cmaps/UniJISX0213-UTF32-H.bcmap" />
      <file href="cmaps/HKdla-B5-V.bcmap" />
      <file href="cmaps/ETenms-B5-H.bcmap" />
      <file href="cmaps/H.bcmap" />
      <file href="cmaps/Adobe-Korea1-UCS2.bcmap" />
      <file href="cmaps/UniJIS-UTF8-V.bcmap" />
      <file href="cmaps/WP-Symbol.bcmap" />
      <file href="cmaps/Add-H.bcmap" />
      <file href="cmaps/Adobe-Japan1-0.bcmap" />
      <file href="cmaps/Adobe-CNS1-3.bcmap" />
      <file href="cmaps/HKm314-B5-H.bcmap" />
      <file href="cmaps/UniCNS-UTF8-V.bcmap" />
      <file href="cmaps/LICENSE" />
      <file href="cmaps/ETHK-B5-H.bcmap" />
      <file href="cmaps/KSC-Johab-V.bcmap" />
      <file href="cmaps/Adobe-CNS1-1.bcmap" />
      <file href="cmaps/UniGB-UCS2-V.bcmap" />
      <file href="cmaps/Adobe-Japan1-2.bcmap" />
      <file href="cmaps/KSC-V.bcmap" />
      <file href="cmaps/UniJISPro-UTF8-V.bcmap" />
      <file href="cmaps/KSC-EUC-H.bcmap" />
      <file href="cmaps/RKSJ-H.bcmap" />
      <file href="cmaps/Add-RKSJ-V.bcmap" />
      <file href="cmaps/UniKS-UCS2-V.bcmap" />
      <file href="cmaps/78-V.bcmap" />
      <file href="cmaps/CNS-EUC-H.bcmap" />
      <file href="cmaps/HKm471-B5-V.bcmap" />
      <file href="cmaps/HKgccs-B5-H.bcmap" />
      <file href="cmaps/UniCNS-UTF8-H.bcmap" />
      <file href="cmaps/HKm314-B5-V.bcmap" />
      <file href="cmaps/Adobe-Japan1-5.bcmap" />
      <file href="cmaps/Adobe-CNS1-6.bcmap" />
      <file href="cmaps/Add-V.bcmap" />
      <file href="cmaps/UniJIS-UTF8-H.bcmap" />
      <file href="cmaps/UniJISPro-UCS2-HW-V.bcmap" />
      <file href="cmaps/HKgccs-B5-V.bcmap" />
      <file href="cmaps/HKm471-B5-H.bcmap" />
      <file href="cmaps/CNS-EUC-V.bcmap" />
      <file href="cmaps/78-H.bcmap" />
      <file href="cmaps/UniKS-UCS2-H.bcmap" />
      <file href="cmaps/KSC-EUC-V.bcmap" />
      <file href="cmaps/Add-RKSJ-H.bcmap" />
      <file href="cmaps/RKSJ-V.bcmap" />
      <file href="cmaps/Adobe-CNS1-4.bcmap" />
      <file href="cmaps/UniGB-UCS2-H.bcmap" />
      <file href="cmaps/KSC-Johab-H.bcmap" />
      <file href="cmaps/KSC-H.bcmap" />
      <file href="cmaps/ETHK-B5-V.bcmap" />
      <file href="cmaps/Adobe-CNS1-0.bcmap" />
      <file href="cmaps/Adobe-Japan1-3.bcmap" />
      <file href="cmaps/KSCpc-EUC-V.bcmap" />
      <file href="cmaps/GBKp-EUC-V.bcmap" />
      <file href="cmaps/78-EUC-H.bcmap" />
      <file href="cmaps/Roman.bcmap" />
      <file href="cmaps/V.bcmap" />
      <file href="cmaps/ETenms-B5-V.bcmap" />
      <file href="cmaps/HKdla-B5-H.bcmap" />
      <file href="cmaps/UniJISX0213-UTF32-V.bcmap" />
      <file href="cmaps/HKscs-B5-V.bcmap" />
      <file href="cmaps/Adobe-Japan1-1.bcmap" />
      <file href="cmaps/Adobe-CNS1-2.bcmap" />
      <file href="cmaps/90msp-RKSJ-V.bcmap" />
      <file href="cmaps/B5pc-V.bcmap" />
      <file href="cmaps/Adobe-GB1-1.bcmap" />
      <file href="cmaps/B5-H.bcmap" />
      <file href="cmaps/UniCNS-UTF16-V.bcmap" />
      <file href="cmaps/UniGB-UTF16-H.bcmap" />
      <file href="cmaps/Hankaku.bcmap" />
      <file href="cmaps/90ms-RKSJ-V.bcmap" />
      <file href="cmaps/EUC-V.bcmap" />
      <file href="cmaps/UniJIS2004-UTF16-H.bcmap" />
      <file href="cmaps/UniJIS2004-UTF8-H.bcmap" />
      <file href="cmaps/GBTpc-EUC-V.bcmap" />
      <file href="cmaps/UniCNS-UTF32-H.bcmap" />
      <file href="cmaps/UniGB-UTF32-V.bcmap" />
      <file href="cmaps/GBT-H.bcmap" />
      <file href="cmaps/78-RKSJ-H.bcmap" />
      <file href="cmaps/78ms-RKSJ-H.bcmap" />
      <file href="cmaps/HKdlb-B5-H.bcmap" />
      <file href="cmaps/83pv-RKSJ-H.bcmap" />
      <file href="cmaps/GBT-EUC-H.bcmap" />
      <file href="cmaps/UniJIS2004-UTF32-V.bcmap" />
      <file href="cmaps/GBpc-EUC-V.bcmap" />
      <file href="cmaps/Adobe-Korea1-1.bcmap" />
      <file href="cmaps/ETen-B5-H.bcmap" />
      <file href="cmaps/KSCms-UHC-HW-H.bcmap" />
      <file href="cmaps/CNS1-V.bcmap" />
      <file href="cmaps/GBK-EUC-H.bcmap" />
      <file href="cmaps/Ext-V.bcmap" />
      <file href="cmaps/Adobe-GB1-3.bcmap" />
      <file href="cmaps/UniJIS-UCS2-H.bcmap" />
      <file href="cmaps/CNS2-H.bcmap" />
      <file href="cmaps/UniKS-UTF16-V.bcmap" />
      <file href="cmaps/NWP-V.bcmap" />
      <file href="cmaps/KSCms-UHC-V.bcmap" />
      <file href="cmaps/GB-V.bcmap" />
      <file href="cmaps/UniJIS-UTF32-V.bcmap" />
      <file href="cmaps/UniJIS-UCS2-HW-H.bcmap" />
      <file href="cmaps/UniCNS-UCS2-H.bcmap" />
      <file href="cmaps/UniJISX02132004-UTF32-H.bcmap" />
      <file href="cmaps/UniGB-UTF8-H.bcmap" />
      <file href="cmaps/GB-EUC-V.bcmap" />
      <file href="cmaps/UniJIS-UTF16-H.bcmap" />
      <file href="cmaps/Adobe-GB1-5.bcmap" />
      <file href="cmaps/UniKS-UTF8-H.bcmap" />
      <file href="cmaps/UniKS-UTF32-H.bcmap" />
      <file href="cmaps/90pv-RKSJ-H.bcmap" />
      <file href="cmaps/GBK2K-V.bcmap" />
      <file href="cmaps/Ext-RKSJ-V.bcmap" />
      <file href="cmaps/UniCNS-UCS2-V.bcmap" />
      <file href="cmaps/UniJIS-UCS2-HW-V.bcmap" />
      <file href="cmaps/UniJIS-UTF32-H.bcmap" />
      <file href="cmaps/GB-H.bcmap" />
      <file href="cmaps/KSCms-UHC-H.bcmap" />
      <file href="cmaps/NWP-H.bcmap" />
      <file href="cmaps/UniKS-UTF16-H.bcmap" />
      <file href="cmaps/Adobe-GB1-2.bcmap" />
      <file href="cmaps/CNS2-V.bcmap" />
      <file href="cmaps/Hiragana.bcmap" />
      <file href="cmaps/UniJIS-UCS2-V.bcmap" />
      <file href="cmaps/Adobe-Korea1-0.bcmap" />
      <file href="cmaps/GBK2K-H.bcmap" />
      <file href="cmaps/90pv-RKSJ-V.bcmap" />
      <file href="cmaps/Ext-RKSJ-H.bcmap" />
      <file href="cmaps/Adobe-Korea1-2.bcmap" />
      <file href="cmaps/UniKS-UTF32-V.bcmap" />
      <file href="cmaps/UniKS-UTF8-V.bcmap" />
      <file href="cmaps/Adobe-GB1-0.bcmap" />
      <file href="cmaps/UniJIS-UTF16-V.bcmap" />
      <file href="cmaps/UniJISPro-UCS2-V.bcmap" />
      <file href="cmaps/GB-EUC-H.bcmap" />
      <file href="cmaps/UniGB-UTF8-V.bcmap" />
      <file href="cmaps/UniJISX02132004-UTF32-V.bcmap" />
      <file href="cmaps/GBTpc-EUC-H.bcmap" />
      <file href="cmaps/Adobe-GB1-UCS2.bcmap" />
      <file href="cmaps/UniJIS2004-UTF16-V.bcmap" />
      <file href="cmaps/UniJIS2004-UTF8-V.bcmap" />
      <file href="cmaps/90ms-RKSJ-H.bcmap" />
      <file href="cmaps/EUC-H.bcmap" />
      <file href="cmaps/UniGB-UTF16-V.bcmap" />
      <file href="cmaps/UniCNS-UTF16-H.bcmap" />
      <file href="cmaps/B5pc-H.bcmap" />
      <file href="cmaps/90msp-RKSJ-H.bcmap" />
      <file href="cmaps/B5-V.bcmap" />
      <file href="cmaps/Adobe-GB1-4.bcmap" />
      <file href="cmaps/Ext-H.bcmap" />
      <file href="cmaps/GBK-EUC-V.bcmap" />
      <file href="cmaps/CNS1-H.bcmap" />
      <file href="cmaps/ETen-B5-V.bcmap" />
      <file href="cmaps/KSCms-UHC-HW-V.bcmap" />
      <file href="cmaps/UniJIS2004-UTF32-H.bcmap" />
      <file href="cmaps/GBpc-EUC-H.bcmap" />
      <file href="cmaps/GBT-EUC-V.bcmap" />
      <file href="cmaps/HKdlb-B5-V.bcmap" />
      <file href="cmaps/78ms-RKSJ-V.bcmap" />
      <file href="cmaps/78-RKSJ-V.bcmap" />
      <file href="cmaps/GBT-V.bcmap" />
      <file href="cmaps/UniGB-UTF32-H.bcmap" />
      <file href="cmaps/UniCNS-UTF32-V.bcmap" />
      <file href="viewer.css" />
      <file href="ims_xml.xsd" />
      <file href="build/pdf.js" />
      <file href="build/pdf.sandbox.js" />
      <file href="build/pdf.worker.js.map" />
      <file href="build/pdf.worker.js" />
      <file href="build/pdf.sandbox.js.map" />
      <file href="build/pdf.js.map" />
      <file href="debugger.js" />
      <file href="imsmanifest.xml" />
      <file href="{{pdfname}}" />
    </resource>
  </resources>
</manifest>